{"gradients/model.4.bias": {"_type": "histogram", "values": [1.0, 0.0, 0.0, 0.0, 0.0, 0.0, 0.0, 0.0, 0.0, 0.0, 0.0, 0.0, 0.0, 0.0, 0.0, 0.0, 0.0, 0.0, 0.0, 0.0, 0.0, 0.0, 0.0, 0.0, 0.0, 0.0, 1.0, 0.0, 0.0, 0.0, 0.0, 0.0, 0.0, 0.0, 0.0, 1.0, 3.0, 1.0, 0.0, 0.0, 0.0, 0.0, 1.0, 0.0, 0.0, 1.0, 0.0, 0.0, 0.0, 0.0, 0.0, 0.0, 0.0, 0.0, 0.0, 0.0, 0.0, 0.0, 0.0, 0.0, 0.0, 0.0, 0.0, 1.0], "bins": [-1.7586844478501007e-06, -1.709994648990687e-06, -1.6613048501312733e-06, -1.6126150512718596e-06, -1.5639252524124458e-06, -1.5152354535530321e-06, -1.4665457683804561e-06, -1.4178559695210424e-06, -1.3691661706616287e-06, -1.320476371802215e-06, -1.2717865729428013e-06, -1.2230967740833876e-06, -1.1744069752239739e-06, -1.1257171763645601e-06, -1.0770274911919842e-06, -1.0283376923325704e-06, -9.796478934731567e-07, -9.30958094613743e-07, -8.822682957543293e-07, -8.335785537383344e-07, -7.848887548789207e-07, -7.36198956019507e-07, -6.875091571600933e-07, -6.388193583006796e-07, -5.90129502597847e-07, -5.414397037384333e-07, -4.927499048790196e-07, -4.440601344413153e-07, -3.9537036400361103e-07, -3.466805651441973e-07, -2.979907662847836e-07, -2.493009958470793e-07, -2.0061122540937504e-07, -1.5192144076081604e-07, -1.0323164900682968e-07, -5.454186080555701e-08, -5.852072604284331e-09, 4.2837715596988346e-08, 9.152750379826102e-08, 1.4021729555224738e-07, 1.8890705177909695e-07, 2.3759683642765594e-07, 2.8628662107621494e-07, 3.3497641993562866e-07, 3.8366619037333294e-07, 4.3235598923274665e-07, 4.810457880921604e-07, 5.297355869515741e-07, 5.784253858109878e-07, 6.271151846704015e-07, 6.758049835298152e-07, 7.244947255458101e-07, 7.731845244052238e-07, 8.218743232646375e-07, 8.705641221240512e-07, 9.192539209834649e-07, 9.679437198428786e-07, 1.0166335187022923e-06, 1.065323317561706e-06, 1.1140131164211198e-06, 1.1627029152805335e-06, 1.2113927141399472e-06, 1.2600823993125232e-06, 1.308772198171937e-06, 1.3574619970313506e-06]}, "_timestamp": 1672913538.0772638, "gradients/model.4.weight": {"_type": "histogram", "values": [1.0, 1.0, 0.0, 0.0, 0.0, 0.0, 0.0, 0.0, 2.0, 0.0, 0.0, 0.0, 1.0, 1.0, 1.0, 1.0, 3.0, 0.0, 2.0, 0.0, 2.0, 3.0, 2.0, 5.0, 1.0, 5.0, 2.0, 4.0, 4.0, 3.0, 3.0, 5.0, 4.0, 9.0, 10.0, 434.0, 31.0, 25.0, 14.0, 10.0, 7.0, 3.0, 6.0, 6.0, 3.0, 6.0, 1.0, 5.0, 0.0, 1.0, 3.0, 3.0, 1.0, 1.0, 1.0, 1.0, 0.0, 1.0, 0.0, 0.0, 1.0, 0.0, 0.0, 1.0], "bins": [-1.7819917047745548e-05, -1.7319607650279067e-05, -1.6819296433823183e-05, -1.6318987036356702e-05, -1.5818677638890222e-05, -1.5318366422434337e-05, -1.4818057024967857e-05, -1.4317746718006674e-05, -1.3817436411045492e-05, -1.331712610408431e-05, -1.2816816706617828e-05, -1.2316506399656646e-05, -1.1816196092695463e-05, -1.1315886695228983e-05, -1.08155763882678e-05, -1.0315266081306618e-05, -9.814956683840137e-06, -9.314646376878954e-06, -8.814336979412474e-06, -8.314026672451291e-06, -7.813716365490109e-06, -7.313406513276277e-06, -6.8130966610624455e-06, -6.312786354101263e-06, -5.812476956634782e-06, -5.312167104420951e-06, -4.811856797459768e-06, -4.3115469452459365e-06, -3.8112368656584295e-06, -3.3109267860709224e-06, -2.8106169338570908e-06, -2.3103068542695837e-06, -1.8099972294294275e-06, -1.3096871498419205e-06, -8.093771839412511e-07, -3.0906716119716293e-07, 1.9124286154692527e-07, 6.915528842910135e-07, 1.1918629070351017e-06, 1.692172872935771e-06, 2.192483407270629e-06, 2.692793486858136e-06, 3.193103566445643e-06, 3.6934134186594747e-06, 4.193723725620657e-06, 4.694033577834489e-06, 5.1943434300483204e-06, 5.694653737009503e-06, 6.194963134475984e-06, 6.695272986689815e-06, 7.195583293650998e-06, 7.69589314586483e-06, 8.196203452826012e-06, 8.696512850292493e-06, 9.196823157253675e-06, 9.697133464214858e-06, 1.019744377117604e-05, 1.0697754078137223e-05, 1.1198063475603703e-05, 1.1698373782564886e-05, 1.2198684089526068e-05, 1.2698993486992549e-05, 1.3199303793953732e-05, 1.3699614100914914e-05, 1.4199923498381395e-05]}, "gradients/model.2.bias": {"_type": "histogram", "values": [2.0, 0.0, 0.0, 0.0, 0.0, 0.0, 1.0, 1.0, 0.0, 0.0, 0.0, 0.0, 1.0, 1.0, 1.0, 1.0, 0.0, 0.0, 0.0, 0.0, 3.0, 0.0, 0.0, 0.0, 1.0, 1.0, 1.0, 1.0, 1.0, 8.0, 10.0, 9.0, 3.0, 1.0, 3.0, 5.0, 0.0, 1.0, 1.0, 1.0, 2.0, 0.0, 0.0, 0.0, 1.0, 0.0, 0.0, 0.0, 0.0, 0.0, 0.0, 0.0, 0.0, 0.0, 0.0, 0.0, 0.0, 2.0, 0.0, 0.0, 0.0, 0.0, 0.0, 1.0], "bins": [-1.4361744433699641e-06, -1.389773387927562e-06, -1.3433722187983221e-06, -1.29697116335592e-06, -1.2505699942266801e-06, -1.204168938784278e-06, -1.1577678833418759e-06, -1.111366714212636e-06, -1.0649656587702339e-06, -1.0185646033278317e-06, -9.721634341985919e-07, -9.257623787561897e-07, -8.793612664703687e-07, -8.329601541845477e-07, -7.865590987421456e-07, -7.401579864563246e-07, -6.937568741705036e-07, -6.473557618846826e-07, -6.009546495988616e-07, -5.545535941564594e-07, -5.081524818706384e-07, -4.6175136958481744e-07, -4.1535028572070587e-07, -3.689492018565943e-07, -3.225480895707733e-07, -2.761469772849523e-07, -2.2974589342084073e-07, -1.8334479534587445e-07, -1.3694369727090816e-07, -9.054259919594188e-08, -4.414150112097559e-08, 2.2595969539906946e-09, 4.866058134211926e-08, 9.506167941708554e-08, 1.4146277749205183e-07, 1.878638755670181e-07, 2.342649736419844e-07, 2.806660859278054e-07, 3.2706716979191697e-07, 3.7346825365602854e-07, 4.1986936594184954e-07, 4.6627047822767054e-07, 5.126715905134915e-07, 5.590726459558937e-07, 6.054737582417147e-07, 6.518748705275357e-07, 6.982759259699378e-07, 7.446770382557588e-07, 7.910781505415798e-07, 8.374792628274008e-07, 8.838803751132218e-07, 9.30281430555624e-07, 9.76682485998026e-07, 1.023083655127266e-06, 1.069484710569668e-06, 1.115885879698908e-06, 1.16228693514131e-06, 1.2086879905837122e-06, 1.255089159712952e-06, 1.3014902151553542e-06, 1.347891384284594e-06, 1.3942924397269962e-06, 1.4406934951693984e-06, 1.4870946642986382e-06, 1.5334957197410404e-06]}, "gradients/model.2.weight": {"_type": "histogram", "values": [1.0, 0.0, 0.0, 1.0, 2.0, 1.0, 1.0, 2.0, 3.0, 4.0, 9.0, 8.0, 6.0, 12.0, 7.0, 16.0, 19.0, 21.0, 15.0, 22.0, 48.0, 32.0, 48.0, 79.0, 106.0, 153.0, 256.0, 623.0, 5641.0, 447.0, 222.0, 113.0, 73.0, 41.0, 30.0, 26.0, 15.0, 17.0, 12.0, 7.0, 7.0, 4.0, 3.0, 2.0, 5.0, 6.0, 3.0, 3.0, 3.0, 2.0, 3.0, 1.0, 3.0, 3.0, 1.0, 0.0, 1.0, 1.0, 0.0, 0.0, 1.0, 0.0, 0.0, 1.0], "bins": [-5.701210284314584e-06, -5.499499820871279e-06, -5.297789357427973e-06, -5.096078893984668e-06, -4.894368430541363e-06, -4.692657512350706e-06, -4.490947048907401e-06, -4.289236585464096e-06, -4.08752612202079e-06, -3.885815658577485e-06, -3.6841051951341797e-06, -3.482394504317199e-06, -3.2806840408738935e-06, -3.078973577430588e-06, -2.8772628866136074e-06, -2.675552423170302e-06, -2.4738419597269967e-06, -2.2721314962836914e-06, -2.070421032840386e-06, -1.8687103420234052e-06, -1.6669998785801e-06, -1.4652894151367946e-06, -1.2635788380066515e-06, -1.0618682608765084e-06, -8.601577974332031e-07, -6.584472771464789e-07, -4.567367568597547e-07, -2.550262365730305e-07, -5.331571628630627e-08, 1.4839480400041793e-07, 3.5010532428714214e-07, 5.518158445738663e-07, 7.535259101132397e-07, 9.55236373556545e-07, 1.156946950686688e-06, 1.3586575278168311e-06, 1.5603679912601365e-06, 1.7620784547034418e-06, 1.9637891455204226e-06, 2.165499608963728e-06, 2.3672100724070333e-06, 2.5689205358503386e-06, 2.770630999293644e-06, 2.9723416901106248e-06, 3.17405215355393e-06, 3.3757626169972355e-06, 3.5774733078142162e-06, 3.7791837712575216e-06, 3.980894234700827e-06, 4.182604698144132e-06, 4.384315161587438e-06, 4.586025625030743e-06, 4.787736543221399e-06, 4.9894470066647045e-06, 5.19115747010801e-06, 5.392867933551315e-06, 5.5945783969946206e-06, 5.796288860437926e-06, 5.997999323881231e-06, 6.199709787324537e-06, 6.401420250767842e-06, 6.603131168958498e-06, 6.8048416324018035e-06, 7.006552095845109e-06, 7.208262559288414e-06]}, "gradients/model.0.bias": {"_type": "histogram",