{"loss": 1.0222103128398885e-06, "_timestamp": 1672914183.395086, "_runtime": 44.2429780960083, "_step": 39099, "gradients/model.4.bias": {"_type": "histogram", "values": [1.0, 0.0, 0.0, 0.0, 0.0, 0.0, 0.0, 0.0, 0.0, 0.0, 0.0, 0.0, 0.0, 0.0, 0.0, 0.0, 1.0, 0.0, 0.0, 0.0, 0.0, 0.0, 0.0, 0.0, 0.0, 0.0, 0.0, 1.0, 0.0, 0.0, 2.0, 2.0, 1.0, 0.0, 0.0, 0.0, 0.0, 0.0, 0.0, 0.0, 0.0, 0.0, 0.0, 0.0, 0.0, 0.0, 0.0, 0.0, 1.0, 0.0, 0.0, 0.0, 0.0, 0.0, 0.0, 0.0, 0.0, 0.0, 0.0, 0.0, 0.0, 0.0, 0.0, 1.0], "bins": [-5.728498422286066e-07, -5.545441581489285e-07, -5.362385309126694e-07, -5.179328468329913e-07, -4.996271627533133e-07, -4.813214786736353e-07, -4.630158230156667e-07, -4.447101673576981e-07, -4.2640448327802005e-07, -4.08098799198342e-07, -3.897931435403734e-07, -3.714874878824048e-07, -3.531818038027268e-07, -3.3487611972304876e-07, -3.1657046406508016e-07, -2.9826480840711156e-07, -2.7995912432743353e-07, -2.616534402477555e-07, -2.433477845897869e-07, -2.2504211472096358e-07, -2.0673644485214027e-07, -1.8843077498331695e-07, -1.7012510511449364e-07, -1.5181943524567032e-07, -1.33513765376847e-07, -1.1520809550802369e-07, -9.690242563920037e-08, -7.859675577037706e-08, -6.029108590155374e-08, -4.198541603273043e-08, -2.367974616390711e-08, -5.374076295083796e-09, 1.293159357373952e-08, 3.1237263442562835e-08, 4.954293331138615e-08, 6.784860318020947e-08, 8.615427304903278e-08, 1.044599429178561e-07, 1.227656127866794e-07, 1.4107128265550273e-07, 1.5937695252432604e-07, 1.7768262239314936e-07, 1.9598829226197267e-07, 2.14293962130796e-07, 2.325996319996193e-07, 2.5090531607929734e-07, 2.6921097173726594e-07, 2.8751662739523454e-07, 3.0582231147491257e-07, 3.241279955545906e-07, 3.424336512125592e-07, 3.607393068705278e-07, 3.7904499095020583e-07, 3.9735067502988386e-07, 4.1565633068785246e-07, 4.3396198634582106e-07, 4.522676704254991e-07, 4.705733545051771e-07, 4.888789817414363e-07, 5.071846658211143e-07, 5.254903499007924e-07, 5.437960339804704e-07, 5.621017180601484e-07, 5.804073452964076e-07, 5.987130293760856e-07]}, "gradients/model.4.weight": {"_type": "histogram", "values": [1.0, 0.0, 0.0, 2.0, 1.0, 0.0, 0.0, 0.0, 0.0, 0.0, 1.0, 3.0, 1.0, 1.0, 2.0, 3.0, 0.0, 4.0, 1.0, 0.0, 1.0, 3.0, 1.0, 2.0, 7.0, 9.0, 2.0, 4.0, 4.0, 11.0, 15.0, 88.0, 402.0, 10.0, 5.0, 4.0, 2.0, 5.0, 4.0, 10.0, 4.0, 2.0, 2.0, 3.0, 0.0, 0.0, 2.0, 2.0, 2.0, 3.0, 2.0, 0.0, 3.0, 2.0, 0.0, 0.0, 0.0, 0.0, 0.0, 1.0, 2.0, 0.0, 0.0, 1.0], "bins": [-6.7872065301344264e-06, -6.57563577988185e-06, -6.364065029629273e-06, -6.152494734124048e-06, -5.940923983871471e-06, -5.729353233618895e-06, -5.517782483366318e-06, -5.306212187861092e-06, -5.094641437608516e-06, -4.883070687355939e-06, -4.671499937103363e-06, -4.459929641598137e-06, -4.2483588913455606e-06, -4.036788141092984e-06, -3.8252173908404075e-06, -3.6136468679615064e-06, -3.40207611770893e-06, -3.1905053674563533e-06, -2.978934844577452e-06, -2.7673640943248756e-06, -2.5557935714459745e-06, -2.344222821193398e-06, -2.132652298314497e-06, -1.9210815480619203e-06, -1.7095107978093438e-06, -1.497940161243605e-06, -1.2863695246778661e-06, -1.0747988881121273e-06, -8.632281947029696e-07, -6.516575581372308e-07, -4.4008689314978255e-07, -2.2851624237318902e-07, -1.69457052834332e-08, 1.9462494549316034e-07, 4.061955962697539e-07, 6.177662612572021e-07, 8.29336897822941e-07, 1.0409075912320986e-06, 1.2524782277978375e-06, 1.4640488643635763e-06, 1.6756193872424774e-06, 1.8871900238082162e-06, 2.098760660373955e-06, 2.3103314106265316e-06, 2.5219019335054327e-06, 2.7334726837580092e-06, 2.9450432066369103e-06, 3.156613956889487e-06, 3.3681847071420634e-06, 3.57975545739464e-06, 3.791325980273541e-06, 4.002896730526118e-06, 4.214467480778694e-06, 4.42603777628392e-06, 4.637608526536496e-06, 4.849179276789073e-06, 5.0607500270416494e-06, 5.272320777294226e-06, 5.4838915275468025e-06, 5.695461823052028e-06, 5.907032573304605e-06, 6.118603323557181e-06, 6.330174073809758e-06, 6.5417443693149835e-06, 6.75331511956756e-06]}, "gradients/model.2.bias": {"_type": "histogram", "values": [1.0, 0.0, 0.0, 0.0, 0.0, 1.0, 0.0, 0.0, 1.0, 0.0, 1.0, 1.0, 1.0, 0.0, 1.0, 0.0, 1.0, 0.0, 1.0, 1.0, 0.0, 0.0, 2.0, 2.0, 1.0, 1.0, 1.0, 0.0, 0.0, 3.0, 1.0, 4.0, 14.0, 2.0, 1.0, 3.0, 5.0, 3.0, 0.0, 2.0, 1.0, 0.0, 0.0, 1.0, 1.0, 1.0, 1.0, 0.0, 1.0, 0.0, 0.0, 1.0, 0.0, 0.0, 0.0, 0.0, 0.0, 0.0, 1.0, 0.0, 0.0, 0.0, 0.0, 1.0], "bins": [-6.962139877941809e-07, -6.7501935063774e-07, -6.53824770324718e-07, -6.326301331682771e-07, -6.114355528552551e-07, -5.902409156988142e-07, -5.690462785423733e-07, -5.478516982293513e-07, -5.266570610729104e-07, -5.054624239164696e-07, -4.842678436034475e-07, -4.6307320644700667e-07, -4.418785977122752e-07, -4.206839889775438e-07, -3.9948938024281233e-07, -3.782947715080809e-07, -3.5710016277334944e-07, -3.35905554038618e-07, -3.1471094530388655e-07, -2.9351630814744567e-07, -2.723216994127142e-07, -2.511270906779828e-07, -2.2993248194325133e-07, -2.0873785899766517e-07, -1.8754326447378844e-07, -1.66348655739057e-07, -1.4515403279347083e-07, -1.239594240587394e-07, -1.0276480821858058e-07, -8.157019237842178e-08, -6.037558364369033e-08, -3.918096780353153e-08, -1.798633775251801e-08, 3.208276311283953e-09, 2.4402890375085917e-08, 4.559750266253104e-08, 6.679211850268985e-08, 8.798673434284865e-08, 1.091813430775801e-07, 1.3037596602316626e-07, 1.5157058896875242e-07, 1.7276519770348386e-07, 1.9395982064907002e-07, 2.1515442938380147e-07, 2.3634905232938763e-07, 2.575436610641191e-07, 2.787382697988505e-07, 2.9993287853358197e-07, 3.211274872683134e-07, 3.4232209600304486e-07, 3.635167047377763e-07, 3.847113418942172e-07, 4.0590595062894863e-07, 4.271005593636801e-07, 4.482951680984115e-07, 4.6948977683314297e-07, 4.906843855678744e-07, 5.118790227243153e-07, 5.330736030373373e-07, 5.542682401937782e-07, 5.754628205068002e-07, 5.966574576632411e-07, 6.17852094819682e-07, 6.39046675132704e-07, 6.602413122891448e-07]}, "gradients/model.2.weight": {"_type": "histogram", "values": [2.0, 0.0, 1.0, 1.0, 2.0, 2.0, 4.0, 7.0, 1.0, 4.0, 14.0, 10.0, 6.0, 11.0, 15.0, 22.0, 18.0, 33.0, 39.0, 43.0, 54.0, 82.0, 72.0, 84.0, 102.0, 116.0, 137.0, 233.0, 602.0, 5198.0, 442.0, 238.0, 144.0, 110.0, 84.0, 42.0, 39.0, 39.0, 20.0, 19.0, 17.0, 14.0, 9.0, 11.0, 6.0, 6.0, 7.0, 2.0, 7.0, 1.0, 2.0, 3.0, 2.0, 2.0, 2.0, 0.0, 1.0, 3.0, 1.0, 2.0, 0.0, 0.0, 0.0, 2.0], "bins": [-2.22348899114877e-06, -2.147575742128538e-06, -2.071662493108306e-06, -1.995749244088074e-06, -1.9198359950678423e-06, -1.8439228597344481e-06, -1.768009724401054e-06, -1.692096475380822e-06, -1.6161832263605902e-06, -1.5402699773403583e-06, -1.4643567283201264e-06, -1.3884435929867323e-06, -1.3125303439665004e-06, -1.2366170949462685e-06, -1.1607039596128743e-06, -1.0847907105926424e-06, -1.0088774615724105e-06, -9.329642125521787e-07, -8.570510203753656e-07, -7.811378281985526e-07, -7.052245791783207e-07, -6.293113301580888e-07, -5.533981379812758e-07, -4.774849458044628e-07, -4.015716967842309e-07, -3.256584761857084e-07, -2.4974525558718597e-07, -1.738320349886635e-07, -9.791881439014105e-08, -2.2005593791618594e-08, 5.3907626806903863e-08, 1.2982084740542632e-07, 2.0573429537762422e-07, 2.816475159761467e-07, 3.5756073657466914e-07, 4.334739571731916e-07, 5.09387177771714e-07, 5.853004267919459e-07, 6.61213618968759e-07, 7.37126811145572e-07, 8.130400601658039e-07, 8.889533091860358e-07, 9.648665582062677e-07, 1.0407796935396618e-06, 1.1166929425598937e-06, 1.1926061915801256e-06, 1.2685193269135198e-06, 1.3444325759337517e-06, 1.4203458249539835e-06, 1.4962590739742154e-06, 1.5721723229944473e-06, 1.6480854583278415e-06, 1.7239987073480734e-06, 1.7999119563683053e-06, 1.8758250917016994e-06, 1.9517383407219313e-06, 2.027651589742163e-06, 2.103564838762395e-06, 2.179478087782627e-06, 2.255391336802859e-06, 2.3313045858230907e-06, 2.407217607469647e-06, 2.483130856489879e-06, 2.559044105510111e-06, 2.634957354530343e-06]}, "gradients/model.0.bias": {"_type": "histogram",