{"gradients/model.4.bias": {"_type": "histogram", "values": [1.0, 0.0, 0.0, 0.0, 0.0, 0.0, 0.0, 0.0, 0.0, 0.0, 0.0, 0.0, 0.0, 0.0, 0.0, 0.0, 0.0, 0.0, 0.0, 0.0, 0.0, 0.0, 0.0, 0.0, 1.0, 0.0, 0.0, 0.0, 0.0, 0.0, 0.0, 0.0, 0.0, 0.0, 0.0, 4.0, 1.0, 0.0, 0.0, 0.0, 0.0, 0.0, 0.0, 0.0, 0.0, 2.0, 0.0, 0.0, 0.0, 0.0, 0.0, 0.0, 0.0, 0.0, 0.0, 0.0, 0.0, 0.0, 0.0, 0.0, 0.0, 0.0, 0.0, 1.0], "bins": [-2.4604622694823775e-07, -2.3917749558677315e-07, -2.3230875001445384e-07, -2.2544000444213452e-07, -2.185712588698152e-07, -2.117025132974959e-07, -2.048337819360313e-07, -1.97965036363712e-07, -1.9109629079139268e-07, -1.8422754521907336e-07, -1.7735881385760877e-07, -1.7049006828528945e-07, -1.6362132271297014e-07, -1.5675257714065083e-07, -1.4988384577918623e-07, -1.4301510020686692e-07, -1.361463546345476e-07, -1.292776090622283e-07, -1.224088777007637e-07, -1.1554013212844438e-07, -1.0867138655612507e-07, -1.0180264808923312e-07, -9.49339025169138e-08, -8.806516405002185e-08, -8.119643268855725e-08, -7.43276942216653e-08, -6.745894864934598e-08, -6.059021018245403e-08, -5.372146461013472e-08, -4.685272614324276e-08, -3.998398412363713e-08, -3.3115242104031495e-08, -2.6246496531712182e-08, -1.937775451210655e-08, -1.2509013380679335e-08, -5.640271805162911e-09, 1.228469770353513e-09, 8.097211789959147e-09, 1.496595203320794e-08, 2.1834694052813575e-08, 2.8703439625132887e-08, 3.557218164473852e-08, 4.2440923664344155e-08, 4.930966568394979e-08, 5.617840770355542e-08, 6.304714617044738e-08, 6.991589174276669e-08, 7.678463020965864e-08, 8.36533686765506e-08, 9.052210714344255e-08, 9.739085271576187e-08, 1.0425959118265382e-07, 1.1112833675497313e-07, 1.1799707522186509e-07, 1.248658207941844e-07, 1.3173456636650371e-07, 1.386032977279683e-07, 1.4547204330028762e-07, 1.5234077466175222e-07, 1.5920952023407153e-07, 1.6607826580639085e-07, 1.7294701137871016e-07, 1.7981574274017476e-07, 1.8668448831249407e-07, 1.9355323388481338e-07]}, "_timestamp": 1672913718.897429, "gradients/model.4.weight": {"_type": "histogram", "values": [1.0, 0.0, 0.0, 0.0, 1.0, 1.0, 1.0, 0.0, 1.0, 2.0, 0.0, 1.0, 1.0, 1.0, 1.0, 1.0, 2.0, 2.0, 0.0, 1.0, 6.0, 3.0, 3.0, 3.0, 3.0, 5.0, 8.0, 5.0, 6.0, 6.0, 5.0, 9.0, 7.0, 5.0, 14.0, 27.0, 360.0, 25.0, 12.0, 18.0, 12.0, 14.0, 8.0, 12.0, 8.0, 8.0, 4.0, 5.0, 2.0, 3.0, 2.0, 3.0, 3.0, 0.0, 1.0, 1.0, 2.0, 1.0, 3.0, 0.0, 0.0, 0.0, 0.0, 1.0], "bins": [-2.090035195578821e-06, -2.032015572694945e-06, -1.9739959498110693e-06, -1.915976554300869e-06, -1.8579568177301553e-06, -1.7999373085331172e-06, -1.7419176856492413e-06, -1.6838980627653655e-06, -1.6258785535683273e-06, -1.5678589306844515e-06, -1.5098394214874133e-06, -1.4518197986035375e-06, -1.3938001757196616e-06, -1.3357806665226235e-06, -1.2777610436387477e-06, -1.2197414207548718e-06, -1.1617219115578337e-06, -1.1037022886739578e-06, -1.0456827794769197e-06, -9.876631565930438e-07, -9.296435905525868e-07, -8.71623967668711e-07, -8.13604401628254e-07, -7.55584835587797e-07, -6.975651558605023e-07, -6.395455898200453e-07, -5.815259669361694e-07, -5.235064008957124e-07, -4.6548683485525544e-07, -4.07467240393089e-07, -3.494476459309226e-07, -2.914280798904656e-07, -2.334085138500086e-07, -1.753889335986969e-07, -1.1736934624195783e-07, -5.934976243793244e-08, -1.3301786339070532e-09, 5.6689405170118334e-08, 1.1470898897414372e-07, 1.727285763308828e-07, 2.3074812816048507e-07, 2.887677226226515e-07, 3.467872886631085e-07, 4.048068831252749e-07, 4.628264491657319e-07, 5.208460720496078e-07, 5.788656380900647e-07, 6.368852041305217e-07, 6.949048270143976e-07, 7.529243930548546e-07, 8.109440159387304e-07, 8.689635819791874e-07, 9.269831480196444e-07, 9.850027709035203e-07, 1.0430222801005584e-06, 1.1010419029844343e-06, 1.1590615258683101e-06, 1.217081148752186e-06, 1.2751006579492241e-06, 1.3331202808331e-06, 1.3911399037169758e-06, 1.449159412914014e-06, 1.5071790357978898e-06, 1.5651986586817657e-06, 1.6232181678788038e-06]}, "gradients/model.2.bias": {"_type": "histogram", "values": [1.0, 0.0, 0.0, 0.0, 0.0, 0.0, 0.0, 0.0, 0.0, 0.0, 1.0, 0.0, 0.0, 0.0, 1.0, 0.0, 1.0, 1.0, 0.0, 1.0, 1.0, 0.0, 0.0, 1.0, 1.0, 1.0, 1.0, 1.0, 0.0, 1.0, 2.0, 0.0, 3.0, 0.0, 1.0, 2.0, 0.0, 2.0, 10.0, 3.0, 1.0, 3.0, 0.0, 3.0, 2.0, 1.0, 1.0, 4.0, 0.0, 2.0, 0.0, 1.0, 0.0, 1.0, 1.0, 0.0, 0.0, 2.0, 1.0, 0.0, 3.0, 0.0, 0.0, 2.0], "bins": [-3.1069671990735515e-07, -3.02618786918174e-07, -2.945408823507023e-07, -2.8646294936152117e-07, -2.7838504479404946e-07, -2.7030711180486833e-07, -2.622292072373966e-07, -2.541512742482155e-07, -2.460733696807438e-07, -2.3799545090241736e-07, -2.2991753212409094e-07, -2.2183961334576452e-07, -2.137616945674381e-07, -2.0568377578911168e-07, -1.9760585701078526e-07, -1.8952793823245884e-07, -1.814500052432777e-07, -1.7337208646495128e-07, -1.6529416768662486e-07, -1.5721624890829844e-07, -1.4913833012997202e-07, -1.410604113516456e-07, -1.3298249257331918e-07, -1.2490457379499276e-07, -1.1682664080581162e-07, -1.087487220274852e-07, -1.0067080324915878e-07, -9.259288447083236e-08, -8.451496569250594e-08, -7.643703980875216e-08, -6.835912103042574e-08, -6.028120225209932e-08, -5.220330479005497e-08, -4.412538601172855e-08, -3.604746723340213e-08, -2.796954490236203e-08, -1.989162612403561e-08, -1.181370645753077e-08, -3.73578679102593e-09, 4.34213287547891e-09, 1.2420045436556393e-08, 2.0497964214882813e-08, 2.8575884769566073e-08, 3.6653805324249333e-08, 4.4731724102575754e-08, 5.2809642880902175e-08, 6.088756521194227e-08, 6.89654839902687e-08, 7.704340987402247e-08, 8.512132865234889e-08, 9.319924743067531e-08, 1.0127716620900173e-07, 1.0935508498732815e-07, 1.1743301087108193e-07, 1.25510922543981e-07, 1.3358884132230742e-07, 1.4166676010063384e-07, 1.4974467887896026e-07, 1.5782259765728668e-07, 1.659005164356131e-07, 1.7397843521393952e-07, 1.8205635399226594e-07, 1.9013427277059236e-07, 1.9821219154891878e-07, 2.0629012453809992e-07]}, "gradients/model.2.weight": {"_type": "histogram", "values": [1.0, 0.0, 0.0, 0.0, 0.0, 0.0, 0.0, 0.0, 0.0, 0.0, 2.0, 0.0, 0.0, 0.0, 1.0, 1.0, 1.0, 3.0, 2.0, 2.0, 6.0, 3.0, 1.0, 10.0, 11.0, 8.0, 16.0, 20.0, 21.0, 35.0, 51.0, 70.0, 85.0, 140.0, 173.0, 295.0, 400.0, 828.0, 3984.0, 666.0, 371.0, 263.0, 181.0, 147.0, 92.0, 79.0, 56.0, 48.0, 38.0, 23.0, 20.0, 11.0, 6.0, 4.0, 3.0, 3.0, 0.0, 4.0, 2.0, 1.0, 1.0, 1.0, 0.0, 2.0], "bins": [-1.225124606207828e-06, -1.1932081633858616e-06, -1.1612918342507328e-06, -1.1293753914287663e-06, -1.0974589486067998e-06, -1.0655425057848333e-06, -1.0336261766497046e-06, -1.001709733827738e-06, -9.697932910057716e-07, -9.37876905027224e-07, -9.059604622052575e-07, -8.740440762267099e-07, -8.421276334047434e-07, -8.102112474261958e-07, -7.782948046042293e-07, -7.463784186256817e-07, -7.14462032647134e-07, -6.825456466685864e-07, -6.506292038466199e-07, -6.187128178680723e-07, -5.867963750461058e-07, -5.548799890675582e-07, -5.229635462455917e-07, -4.910471602670441e-07, -4.5913077428849647e-07, -4.272143598882394e-07, -3.9529794548798236e-07, -3.633815310877253e-07, -3.3146511668746825e-07, -2.9954873070892063e-07, -2.676323163086636e-07, -2.3571590190840652e-07, -2.0379945908644004e-07, -1.7188304468618298e-07, -1.3996663028592593e-07, -1.0805023009652359e-07, -7.613381569626654e-08, -4.421740484872316e-08, -1.2300994001179788e-08, 1.9615416846363587e-08, 5.153185611561639e-08, 8.344827051587345e-08, 1.1536467781070314e-07, 1.4728108510553284e-07, 1.791974995057899e-07, 2.1111391390604695e-07, 2.430303140954493e-07, 2.7494672849570634e-07, 3.0686311447425396e-07, 3.38779528874511e-07, 3.7069594327476807e-07, 4.026123576750251e-07, 4.345287720752822e-07, 4.664451580538298e-07, 4.983616008757963e-07, 5.302779868543439e-07, 5.621943728328915e-07, 5.941107588114392e-07, 6.260272016334056e-07, 6.579435876119533e-07, 6.898600304339197e-07, 7.217764164124674e-07, 7.536928592344339e-07, 7.856092452129815e-07, 8.17525688034948e-07]}, "gradients/model.0.bias": {"_type": "histogram",