{"train_loss": 3.5849891446559923e-06, "_timestamp": 1672913930.1411269, "_runtime": 45.455543756484985, "_step": 39099, "gradients/model.4.bias": {"_type": "histogram", "values": [1.0, 0.0, 0.0, 0.0, 0.0, 0.0, 0.0, 0.0, 0.0, 0.0, 0.0, 0.0, 0.0, 0.0, 0.0, 0.0, 0.0, 0.0, 0.0, 0.0, 0.0, 0.0, 0.0, 0.0, 0.0, 0.0, 0.0, 0.0, 0.0, 0.0, 0.0, 1.0, 7.0, 0.0, 0.0, 0.0, 0.0, 0.0, 0.0, 0.0, 0.0, 0.0, 0.0, 0.0, 0.0, 0.0, 0.0, 0.0, 0.0, 0.0, 0.0, 0.0, 0.0, 0.0, 0.0, 0.0, 0.0, 0.0, 0.0, 0.0, 0.0, 0.0, 0.0, 1.0], "bins": [-3.391876362002222e-06, -3.286992068751715e-06, -3.1821077755012084e-06, -3.077223254877026e-06, -2.9723389616265194e-06, -2.8674546683760127e-06, -2.7625701477518305e-06, -2.6576858545013238e-06, -2.552801561250817e-06, -2.4479172680003103e-06, -2.3430329747498035e-06, -2.2381484541256214e-06, -2.1332641608751146e-06, -2.028379867624608e-06, -1.9234953470004257e-06, -1.818611053749919e-06, -1.7137267604994122e-06, -1.6088424672489055e-06, -1.503958060311561e-06, -1.3990736533742165e-06, -1.2941893601237098e-06, -1.189305066873203e-06, -1.0844206599358586e-06, -9.79536252998514e-07, -8.746519597480074e-07, -7.697676096540818e-07, -6.648832595601561e-07, -5.599989094662305e-07, -4.5511455937230494e-07, -3.5023020927837933e-07, -2.4534585918445373e-07, -1.4046150909052812e-07, -3.5577386370277964e-08, 6.930696372364764e-08, 1.7419131381757325e-07, 2.7907566391149885e-07, 3.8396001400542445e-07, 4.888443640993501e-07, 5.937287141932757e-07, 6.986130642872013e-07, 8.034974143811269e-07, 9.083817644750525e-07, 1.013266114568978e-06, 1.1181505215063225e-06, 1.2230348147568293e-06, 1.327919108007336e-06, 1.4328035149446805e-06, 1.537687921882025e-06, 1.6425722151325317e-06, 1.7474565083830385e-06, 1.852340915320383e-06, 1.9572253222577274e-06, 2.062109615508234e-06, 2.166993908758741e-06, 2.2718782020092476e-06, 2.37676272263343e-06, 2.4816470158839365e-06, 2.5865313091344433e-06, 2.6914158297586255e-06, 2.7963001230091322e-06, 2.901184416259639e-06, 3.0060687095101457e-06, 3.1109530027606525e-06, 3.2158375233848346e-06, 3.3207218166353414e-06]}, "gradients/model.4.weight": {"_type": "histogram", "values": [1.0, 0.0, 1.0, 0.0, 2.0, 0.0, 0.0, 0.0, 0.0, 0.0, 1.0, 2.0, 1.0, 2.0, 2.0, 4.0, 0.0, 3.0, 2.0, 2.0, 2.0, 2.0, 1.0, 1.0, 0.0, 2.0, 1.0, 2.0, 4.0, 3.0, 2.0, 29.0, 524.0, 1.0, 3.0, 3.0, 4.0, 1.0, 2.0, 1.0, 0.0, 2.0, 1.0, 1.0, 3.0, 1.0, 5.0, 0.0, 2.0, 3.0, 1.0, 3.0, 1.0, 2.0, 0.0, 0.0, 0.0, 0.0, 0.0, 2.0, 0.0, 1.0, 0.0, 1.0], "bins": [-3.1877887522568926e-05, -3.089164601988159e-05, -2.990540087921545e-05, -2.8919159376528114e-05, -2.7932916054851376e-05, -2.6946672733174637e-05, -2.5960431230487302e-05, -2.4974187908810563e-05, -2.3987944587133825e-05, -2.3001701265457086e-05, -2.2015457943780348e-05, -2.1029216441093013e-05, -2.0042973119416274e-05, -1.9056729797739536e-05, -1.80704882950522e-05, -1.7084244973375462e-05, -1.6098001651698723e-05, -1.5111758330021985e-05, -1.4125515917839948e-05, -1.3139273505657911e-05, -1.2153030183981173e-05, -1.1166786862304434e-05, -1.0180544450122397e-05, -9.19430203794036e-06, -8.208058716263622e-06, -7.221815849334234e-06, -6.235572982404847e-06, -5.249330115475459e-06, -4.263087248546071e-06, -3.2768443816166837e-06, -2.290601514687296e-06, -1.3043586477579083e-06, -3.1811941880732775e-07, 6.681234481220599e-07, 1.6543663150514476e-06, 2.6406091819808353e-06, 3.626852048910223e-06, 4.613094915839611e-06, 5.599337782768998e-06, 6.585580649698386e-06, 7.571823516627774e-06, 8.558066838304512e-06, 9.544309250486549e-06, 1.0530551662668586e-05, 1.1516794984345324e-05, 1.2503038306022063e-05, 1.34892807182041e-05, 1.4475523130386136e-05, 1.5461766452062875e-05, 1.6448009773739614e-05, 1.7434253095416352e-05, 1.8420494598103687e-05, 1.9406737919780426e-05, 2.0392981241457164e-05, 2.13792227441445e-05, 2.2365466065821238e-05, 2.3351709387497976e-05, 2.4337952709174715e-05, 2.5324196030851454e-05, 2.631043753353879e-05, 2.7296680855215527e-05, 2.8282924176892266e-05, 2.92691656795796e-05, 3.025540900125634e-05, 3.124165232293308e-05]}, "gradients/model.2.bias": {"_type": "histogram", "values": [1.0, 0.0, 0.0, 0.0, 0.0, 0.0, 1.0, 0.0, 0.0, 1.0, 0.0, 1.0, 0.0, 1.0, 0.0, 0.0, 0.0, 1.0, 1.0, 1.0, 2.0, 0.0, 3.0, 0.0, 0.0, 4.0, 1.0, 0.0, 0.0, 0.0, 0.0, 3.0, 16.0, 4.0, 1.0, 0.0, 1.0, 1.0, 1.0, 3.0, 1.0, 0.0, 1.0, 2.0, 1.0, 0.0, 1.0, 0.0, 1.0, 0.0, 1.0, 1.0, 3.0, 1.0, 0.0, 0.0, 1.0, 0.0, 0.0, 1.0, 0.0, 0.0, 0.0, 1.0], "bins": [-3.490535618766444e-06, -3.382554950803751e-06, -3.2745742828410584e-06, -3.1665938422520412e-06, -3.0586131742893485e-06, -2.950632506326656e-06, -2.8426520657376386e-06, -2.734671397774946e-06, -2.6266907298122533e-06, -2.5187100618495606e-06, -2.410729393886868e-06, -2.3027489532978507e-06, -2.194768285335158e-06, -2.0867876173724653e-06, -1.978807176783448e-06, -1.8708265088207554e-06, -1.7628458408580627e-06, -1.65486517289537e-06, -1.546884618619515e-06, -1.4389040643436601e-06, -1.3309233963809675e-06, -1.2229427284182748e-06, -1.1149621741424198e-06, -1.0069816198665649e-06, -8.990009519038722e-07, -7.910203407845984e-07, -6.830397296653246e-07, -5.750591185460507e-07, -4.670785074267769e-07, -3.590978963075031e-07, -2.511172851882293e-07, -1.4313667406895547e-07, -3.51562903233571e-08, 7.282432079591672e-08, 1.8080493191519054e-07, 2.8878554303446435e-07, 3.9676615415373817e-07, 5.04746765273012e-07, 6.127273763922858e-07, 7.207079875115596e-07, 8.286885986308334e-07, 9.366692097501073e-07, 1.044649820869381e-06, 1.152630375145236e-06, 1.2606110431079287e-06, 1.3685917110706214e-06, 1.4765722653464763e-06, 1.5845528196223313e-06, 1.692533487585024e-06, 1.8005141555477167e-06, 1.908494596136734e-06, 2.0164752640994266e-06, 2.1244559320621192e-06, 2.232436600024812e-06, 2.3404172679875046e-06, 2.448397708576522e-06, 2.5563783765392145e-06, 2.664359044501907e-06, 2.7723394850909244e-06, 2.880320153053617e-06, 2.9883008210163098e-06, 3.0962814889790025e-06, 3.204262156941695e-06, 3.3122425975307124e-06, 3.420223265493405e-06]}, "gradients/model.2.weight": {"_type": "histogram", "values": [2.0, 0.0, 0.0, 0.0, 0.0, 0.0, 1.0, 1.0, 1.0, 3.0, 2.0, 2.0, 0.0, 1.0, 5.0, 3.0, 4.0, 10.0, 6.0, 9.0, 15.0, 12.0, 18.0, 25.0, 19.0, 46.0, 45.0, 81.0, 99.0, 138.0, 219.0, 928.0, 5526.0, 259.0, 185.0, 133.0, 82.0, 64.0, 39.0, 45.0, 23.0, 31.0, 18.0, 19.0, 10.0, 17.0, 9.0, 4.0, 8.0, 1.0, 5.0, 5.0, 5.0, 2.0, 1.0, 1.0, 1.0, 0.0, 1.0, 1.0, 0.0, 0.0, 0.0, 2.0], "bins": [-1.8838278265320696e-05, -1.8250335415359586e-05, -1.766239438438788e-05, -1.707445153442677e-05, -1.648650868446566e-05, -1.5898567653493956e-05, -1.5310624803532846e-05, -1.4722682863066439e-05, -1.4134740922600031e-05, -1.3546798982133623e-05, -1.2958857041667216e-05, -1.2370914191706106e-05, -1.1782972251239698e-05, -1.119503031077329e-05, -1.0607087460812181e-05, -1.0019145520345774e-05, -9.431203579879366e-06, -8.843261639412958e-06, -8.25531969894655e-06, -7.667376848985441e-06, -7.079434908519033e-06, -6.491492968052626e-06, -5.903550572838867e-06, -5.3156081776251085e-06, -4.727666237158701e-06, -4.139724296692293e-06, -3.5517819014785346e-06, -2.9638397336384514e-06, -2.3758975657983683e-06, -1.7879553979582852e-06, -1.200013230118202e-06, -6.120710622781189e-07, -2.412707544863224e-08, 5.638150923914509e-07, 1.151757260231534e-06, 1.7396994280716171e-06, 2.3276415959117003e-06, 2.9155837637517834e-06, 3.5035259315918665e-06, 4.091468326805625e-06, 4.679410267272033e-06, 5.2673522077384405e-06, 5.855294602952199e-06, 6.443236998165958e-06, 7.031178938632365e-06, 7.619120879098773e-06, 8.207063729059882e-06, 8.79500566952629e-06, 9.382947609992698e-06, 9.970889550459106e-06, 1.0558831490925513e-05, 1.1146774340886623e-05, 1.173471628135303e-05, 1.2322658221819438e-05, 1.2910601071780547e-05, 1.3498543012246955e-05, 1.4086484952713363e-05, 1.467442689317977e-05, 1.5262368833646178e-05, 1.5850311683607288e-05, 1.6438254533568397e-05, 1.7026195564540103e-05, 1.7614138414501213e-05, 1.820207944547292e-05, 1.8790022295434028e-05]},